{
  "Kx": 0.5333333333333329,
  "L0": 0.628608659422375,
  "L0_diff": 8.881784197001252e-16,
  "abs_tol": 1e-15,
  "bracket": [
    1.2,
    1.5
  ],
  "fpp_xq": 0.9897581823707557,
  "log_15_over_8": 0.6286086594223741,
  "rel_tol": 1e-15,
  "residual": -4.440892098500626e-16,
  "target": 0.5333333333333333,
  "x_q": 1.3297024653297969
}