{
  "<H4^2>": 0.030476190476190476,
  "Gamma": 0.010666666666666666,
  "K(x_q)": 0.5333333333333333,
  "L0": 0.6286086594223741,
  "L_eff_final": 0.6358598659958836,
  "L_eff_no_quad": 0.6358598629243455,
  "S_even": -1.2721931121078075e-06,
  "S_odd": 0.00020119364380145687,
  "alpha_inv_delta": 1.3594321741473757e-13,
  "alpha_inv_final": 137.0359991762865,
  "alpha_inv_no_quad": 137.0359998606429,
  "alpha_inv_target": 137.03599917628637,
  "chi_TT": 0.04230769230769231,
  "delta_L2": 3.0715380940725976e-09,
  "fpp": 0.9897581823707552,
  "kappa": 0.49926851200153,
  "m": 19,
  "m_r_delta": 3.830064517004405e-15,
  "m_r_final": 1.0340326052745639,
  "m_r_no_quad": 1.0340326051074022,
  "m_r_target": 1.03403260527456,
  "residual": 0.0,
  "target_8_over_15": 0.5333333333333333,
  "x_q": 1.3297024653297962,
  "york_linear_11_over_1560": 0.007051282051282051
}