{
  "C_proj": 0.328125,
  "C_proj_fraction": "21/64",
  "Gamma": 0.010666666666666666,
  "Gamma_fraction": "4/375",
  "H4_sq": 0.030476190476190476,
  "Kx": 0.5333333333333329,
  "abs_tol": 1e-15,
  "bracket": [
    1.2,
    1.5
  ],
  "chi_TT": 0.04230769230769231,
  "delta_L2": 3.0715380940725992e-09,
  "fpp_xq": 0.9897581823707557,
  "rel_tol": 1e-15,
  "residual": -4.440892098500626e-16,
  "x_q": 1.3297024653297969,
  "z_J2": 1.3333333333333333,
  "z_J2_fraction": "4/3",
  "z_dir": 0.32,
  "z_dir_fraction": "8/25",
  "z_parity": 0.0761904761904762,
  "z_parity_fraction": "8/105",
  "z_samp": 0.032507936507936507,
  "z_samp_fraction": "256/7875"
}